k,inertia,silhouette,selected,linkage
1,145.0,,False,average
2,13.04828132472966,0.6677021650941732,True,average
3,7.9745917114734315,0.12691317349082984,False,average
4,4.444360337588086,0.057805487898254966,False,average
5,1.9297713991202983,0.018159154341864124,False,average
6,0.0,,False,average
