k,inertia,silhouette,selected
1,144.99999999999997,,False
2,47.008554972816015,0.45157119006444163,True
3,12.113515405773875,0.406554509460422,False
4,7.4751440733071846,0.196960012386818,False
5,3.0231592215840566,0.03935349764778736,False
6,0.0,,False
