k,inertia,silhouette,selected
1,145.0,,False
2,46.23691605780668,0.4770457887577145,True
3,24.91828846358308,0.17282013184400655,False
4,13.64902792045875,0.12832762783920557,False
5,5.900635895419672,0.06075958677521848,False
6,0.0,,False
